distance_km,lon,lat,U100_ms,U150_ms,U119_ms,U_rel
0,-0.085,54.12,9.3291,9.7829,9.5212,0.9372
0.25,-0.0817,54.1211,8.7166,9.4275,9.0148,0.8874
0.5,-0.0783,54.1222,8.886,9.4633,9.1292,0.8986
0.75,-0.075,54.1233,8.9458,9.5113,9.1842,0.904
1,-0.0717,54.1244,9.0122,9.5722,9.2484,0.9104
1.25,-0.0683,54.1255,9.0745,9.6227,9.3057,0.916
1.5,-0.065,54.1266,9.1105,9.6522,9.3391,0.9193
1.75,-0.0617,54.1277,9.1299,9.6701,9.3579,0.9211
2,-0.0583,54.1288,9.1735,9.7098,9.3998,0.9253
2.25,-0.055,54.1299,9.1877,9.7223,9.4134,0.9266
2.5,-0.0517,54.131,9.197,9.73,9.422,0.9274
2.75,-0.0483,54.1321,9.2206,9.7497,9.444,0.9296
3,-0.045,54.1332,9.2318,9.7596,9.4547,0.9307
3.25,-0.0417,54.1343,9.2451,9.7706,9.467,0.9319
3.5,-0.0383,54.1354,9.2601,9.7835,9.4811,0.9333
3.75,-0.035,54.1365,9.2756,9.7942,9.4946,0.9346
4,-0.0317,54.1376,9.2817,9.799,9.5002,0.9351
4.25,-0.0283,54.1387,9.2972,9.8113,9.5144,0.9365
4.5,-0.025,54.1398,9.3103,9.8199,9.5256,0.9376
4.75,-0.0217,54.1409,9.3176,9.8267,9.5327,0.9383
5,-0.0183,54.142,9.3416,9.8433,9.5537,0.9404
5.25,-0.015,54.1431,9.3446,9.8483,9.5575,0.9408
5.5,-0.0117,54.1442,9.3545,9.8559,9.5664,0.9417
5.75,-0.0083,54.1453,9.3647,9.8654,9.5763,0.9426
6,-0.005,54.1464,9.3738,9.873,9.5848,0.9435
6.25,-0.0016,54.1475,9.3803,9.8778,9.5906,0.944
6.5,0.0017,54.1486,9.3897,9.8895,9.6009,0.9451
6.75,0.005,54.1497,9.3976,9.8982,9.6092,0.9459
7,0.0084,54.1508,9.4023,9.9022,9.6136,0.9463
7.25,0.0117,54.1519,9.4158,9.916,9.6272,0.9476
7.5,0.015,54.153,9.4187,9.9191,9.6302,0.9479
7.75,0.0184,54.1541,9.4279,9.9286,9.6395,0.9489
8,0.0217,54.1552,9.4347,9.9359,9.6465,0.9495
8.25,0.0251,54.1563,9.4408,9.9419,9.6526,0.9501
8.5,0.0284,54.1574,9.4454,9.9468,9.6574,0.9506
8.75,0.0317,54.1585,9.4515,9.9529,9.6634,0.9512
9,0.0351,54.1596,9.4612,9.9627,9.6732,0.9522
9.25,0.0384,54.1607,9.4622,9.9637,9.6742,0.9523
9.5,0.0417,54.1618,9.4724,9.9735,9.6842,0.9533
9.75,0.0451,54.1629,9.4766,9.978,9.6886,0.9537
10,0.0484,54.164,9.4808,9.9815,9.6925,0.9541
10.25,0.0518,54.1651,9.4879,9.9888,9.6997,0.9548
10.5,0.0551,54.1662,9.4923,9.9932,9.7041,0.9552
10.75,0.0584,54.1673,9.4983,9.9988,9.7099,0.9558
11,0.0618,54.1684,9.5046,10.0048,9.716,0.9564
11.25,0.0651,54.1695,9.5086,10.0085,9.7199,0.9568
11.5,0.0685,54.1706,9.513,10.0128,9.7243,0.9572
11.75,0.0718,54.1717,9.5198,10.0191,9.7309,0.9579
12,0.0751,54.1728,9.524,10.0231,9.735,0.9583
12.25,0.0785,54.1739,9.5257,10.0241,9.7364,0.9584
12.5,0.0818,54.175,9.5328,10.0312,9.7435,0.9591
12.75,0.0852,54.1761,9.5357,10.034,9.7463,0.9594
13,0.0885,54.1772,9.541,10.0391,9.7516,0.9599
13.25,0.0918,54.1783,9.5462,10.044,9.7567,0.9604
13.5,0.0952,54.1794,9.5496,10.0467,9.7598,0.9607
13.75,0.0985,54.1804,9.5532,10.0505,9.7635,0.9611
14,0.1019,54.1815,9.562,10.0586,9.772,0.9619
14.25,0.1052,54.1826,9.5651,10.0618,9.7751,0.9622
14.5,0.1086,54.1837,9.5687,10.0654,9.7787,0.9626
14.75,0.1119,54.1848,9.5733,10.069,9.7829,0.963
15,0.1152,54.1859,9.5761,10.0721,9.7858,0.9633
15.25,0.1186,54.187,9.5792,10.0743,9.7885,0.9635
15.5,0.1219,54.1881,9.5857,10.0806,9.795,0.9642
15.75,0.1253,54.1892,9.5864,10.0805,9.7953,0.9642
16,0.1286,54.1903,9.59,10.0841,9.7989,0.9645
16.25,0.132,54.1914,9.5979,10.0915,9.8066,0.9653
16.5,0.1353,54.1925,9.6008,10.0944,9.8096,0.9656
16.75,0.1386,54.1936,9.6023,10.0956,9.811,0.9657
17,0.142,54.1947,9.6091,10.1021,9.8176,0.9664
17.25,0.1453,54.1958,9.6119,10.1048,9.8204,0.9667
17.5,0.1487,54.1969,9.6153,10.1075,9.8235,0.967
17.75,0.152,54.198,9.6211,10.1133,9.8293,0.9675
18,0.1554,54.1991,9.6259,10.1176,9.8338,0.968
18.25,0.1587,54.2002,9.6285,10.1201,9.8364,0.9682
18.5,0.162,54.2013,9.6335,10.1245,9.8412,0.9687
18.75,0.1654,54.2024,9.6361,10.127,9.8438,0.969
19,0.1687,54.2035,9.6399,10.1308,9.8475,0.9693
19.25,0.1721,54.2045,9.6469,10.1375,9.8544,0.97
19.5,0.1754,54.2056,9.6494,10.1398,9.8568,0.9702
19.75,0.1788,54.2067,9.6531,10.1425,9.8601,0.9706
20,0.1821,54.2078,9.6556,10.1449,9.8626,0.9708
20.25,0.1855,54.2089,9.6598,10.1485,9.8665,0.9712
20.5,0.1888,54.21,9.6656,10.1535,9.872,0.9717
20.75,0.1922,54.2111,9.6679,10.1557,9.8742,0.972
21,0.1955,54.2122,9.6721,10.1594,9.8783,0.9724
21.25,0.1989,54.2133,9.6766,10.1638,9.8827,0.9728
21.5,0.2022,54.2144,9.6796,10.1662,9.8854,0.9731
21.75,0.2055,54.2155,9.6817,10.1681,9.8875,0.9733
22,0.2089,54.2166,9.6878,10.1737,9.8934,0.9738
22.25,0.2122,54.2177,9.6899,10.1757,9.8954,0.974
22.5,0.2156,54.2188,9.6942,10.1796,9.8996,0.9745
22.75,0.2189,54.2199,9.697,10.182,9.9022,0.9747
23,0.2223,54.221,9.7008,10.1859,9.906,0.9751
23.25,0.2256,54.222,9.7026,10.1871,9.9076,0.9752
23.5,0.229,54.2231,9.707,10.1913,9.9119,0.9757
23.75,0.2323,54.2242,9.7094,10.1931,9.914,0.9759
24,0.2357,54.2253,9.7116,10.1952,9.9162,0.9761
24.25,0.239,54.2264,9.715,10.198,9.9194,0.9764
24.5,0.2424,54.2275,9.7172,10.2001,9.9215,0.9766
24.75,0.2457,54.2286,9.7194,10.2022,9.9237,0.9768
25,0.2491,54.2297,9.7253,10.2075,9.9293,0.9774
25.25,0.2524,54.2308,9.7268,10.2088,9.9308,0.9775
25.5,0.2558,54.2319,9.7293,10.2108,9.933,0.9777
25.75,0.2591,54.233,9.7319,10.2132,9.9355,0.978
26,0.2625,54.2341,9.7316,10.2123,9.935,0.9779
26.25,0.2658,54.2352,9.7331,10.2137,9.9364,0.9781
26.5,0.2692,54.2362,9.7382,10.2189,9.9416,0.9786
26.75,0.2725,54.2373,9.7421,10.2225,9.9453,0.979
27,0.2759,54.2384,9.7413,10.2215,9.9445,0.9789
27.25,0.2792,54.2395,9.7444,10.2241,9.9474,0.9792
27.5,0.2826,54.2406,9.7477,10.2276,9.9508,0.9795
27.75,0.2859,54.2417,9.751,10.2306,9.9539,0.9798
28,0.2893,54.2428,9.7527,10.232,9.9555,0.98
28.25,0.2926,54.2439,9.7559,10.2349,9.9586,0.9803
28.5,0.296,54.245,9.7587,10.2377,9.9614,0.9805
28.75,0.2993,54.2461,9.762,10.2408,9.9646,0.9809
29,0.3027,54.2472,9.763,10.2413,9.9654,0.9809
29.25,0.306,54.2482,9.7645,10.2428,9.9669,0.9811
29.5,0.3094,54.2493,9.7661,10.2439,9.9683,0.9812
29.75,0.3128,54.2504,9.7676,10.2453,9.9698,0.9814
30,0.3161,54.2515,9.7709,10.2483,9.973,0.9817
30.25,0.3195,54.2526,9.774,10.2513,9.9759,0.982
30.5,0.3228,54.2537,9.7766,10.254,9.9786,0.9822
30.75,0.3262,54.2548,9.7791,10.2561,9.981,0.9825
31,0.3295,54.2559,9.7828,10.2598,9.9847,0.9828
31.25,0.3329,54.257,9.7838,10.2602,9.9854,0.9829
31.5,0.3362,54.2581,9.7853,10.2617,9.9869,0.9831
31.75,0.3396,54.2592,9.7901,10.2661,9.9916,0.9835
32,0.3429,54.2602,9.7903,10.2662,9.9917,0.9835
32.25,0.3463,54.2613,9.7951,10.2707,9.9964,0.984
32.5,0.3496,54.2624,9.7962,10.2716,9.9974,0.9841
32.75,0.353,54.2635,9.7977,10.2731,9.9989,0.9842
33,0.3564,54.2646,9.8016,10.2766,10.0026,0.9846
33.25,0.3597,54.2657,9.8031,10.278,10.0041,0.9847
33.5,0.3631,54.2668,9.8063,10.2809,10.0071,0.985
33.75,0.3664,54.2679,9.8102,10.2849,10.0111,0.9854
34,0.3698,54.269,9.813,10.2873,10.0138,0.9857
34.25,0.3731,54.27,9.8146,10.2888,10.0153,0.9858
34.5,0.3765,54.2711,9.8195,10.2929,10.0199,0.9863
34.75,0.3799,54.2722,9.8212,10.2941,10.0214,0.9864
35,0.3832,54.2733,9.8226,10.2954,10.0227,0.9866
35.25,0.3866,54.2744,9.8248,10.2971,10.0247,0.9868
35.5,0.3899,54.2755,9.827,10.2993,10.0269,0.987
35.75,0.3933,54.2766,9.8293,10.3012,10.029,0.9872
36,0.3966,54.2777,9.8341,10.3061,10.0339,0.9877
36.25,0.4,54.2788,9.8351,10.3065,10.0347,0.9878
36.5,0.4034,54.2798,9.8364,10.3078,10.0359,0.9879
36.75,0.4067,54.2809,9.8396,10.3109,10.0391,0.9882
37,0.4101,54.282,9.8408,10.3117,10.0401,0.9883
37.25,0.4134,54.2831,9.843,10.3138,10.0423,0.9885
37.5,0.4168,54.2842,9.8462,10.3166,10.0453,0.9888
37.75,0.4201,54.2853,9.8476,10.3179,10.0467,0.9889
38,0.4235,54.2864,9.8504,10.3204,10.0494,0.9892
38.25,0.4269,54.2875,9.8559,10.326,10.0549,0.9897
38.5,0.4302,54.2885,9.8572,10.3273,10.0562,0.9899
38.75,0.4336,54.2896,9.86,10.3297,10.0588,0.9901
39,0.4369,54.2907,9.8626,10.3322,10.0614,0.9904
39.25,0.4403,54.2918,9.8626,10.3316,10.0612,0.9904
39.5,0.4437,54.2929,9.864,10.3329,10.0625,0.9905
39.75,0.447,54.294,9.8682,10.3367,10.0665,0.9909
40,0.4504,54.2951,9.8694,10.3379,10.0677,0.991
40.25,0.4537,54.2961,9.8689,10.3373,10.0672,0.991
40.5,0.4571,54.2972,9.8726,10.3406,10.0707,0.9913
40.75,0.4605,54.2983,9.8727,10.3407,10.0708,0.9913
41,0.4638,54.2994,9.8762,10.3439,10.0742,0.9916
41.25,0.4672,54.3005,9.8768,10.3445,10.0748,0.9917
41.5,0.4705,54.3016,9.8793,10.3467,10.0772,0.9919
41.75,0.4739,54.3027,9.879,10.3462,10.0768,0.9919
42,0.4773,54.3038,9.8811,10.348,10.0788,0.9921
42.25,0.4806,54.3048,9.8816,10.3485,10.0793,0.9921
42.5,0.484,54.3059,9.8844,10.3513,10.0821,0.9924
42.75,0.4874,54.307,9.8845,10.351,10.082,0.9924
43,0.4907,54.3081,9.8851,10.3515,10.0825,0.9925
43.25,0.4941,54.3092,9.8858,10.3519,10.0832,0.9925
43.5,0.4974,54.3103,9.8863,10.3523,10.0836,0.9926
43.75,0.5008,54.3114,9.8889,10.3547,10.0862,0.9928
44,0.5042,54.3124,9.8906,10.3564,10.0878,0.993
44.25,0.5075,54.3135,9.8902,10.3559,10.0874,0.9929
44.5,0.5109,54.3146,9.893,10.3585,10.0901,0.9932
44.75,0.5143,54.3157,9.8948,10.3603,10.0919,0.9934
45,0.5176,54.3168,9.8982,10.3635,10.0952,0.9937
45.25,0.521,54.3179,9.8993,10.3646,10.0963,0.9938
45.5,0.5243,54.3189,9.9013,10.3664,10.0982,0.994
45.75,0.5277,54.32,9.9014,10.3665,10.0983,0.994
46,0.5311,54.3211,9.9033,10.3683,10.1002,0.9942
46.25,0.5344,54.3222,9.9067,10.3715,10.1035,0.9945
46.5,0.5378,54.3233,9.908,10.3729,10.1049,0.9947
46.75,0.5412,54.3244,9.9099,10.3745,10.1066,0.9948
47,0.5445,54.3255,9.9118,10.3764,10.1085,0.995
47.25,0.5479,54.3265,9.912,10.3762,10.1085,0.995
47.5,0.5513,54.3276,9.9136,10.3779,10.1102,0.9952
47.75,0.5546,54.3287,9.9162,10.3807,10.1129,0.9955
48,0.558,54.3298,9.9162,10.3803,10.1127,0.9954
48.25,0.5614,54.3309,9.9199,10.384,10.1164,0.9958
48.5,0.5647,54.332,9.9216,10.3855,10.118,0.996
48.75,0.5681,54.333,9.9225,10.3864,10.119,0.996
49,0.5715,54.3341,9.9258,10.3895,10.1222,0.9964
49.25,0.5748,54.3352,9.9267,10.3905,10.1231,0.9965
49.5,0.5782,54.3363,9.9269,10.3903,10.1232,0.9965
49.75,0.5816,54.3374,9.9288,10.3922,10.125,0.9966
50,0.5849,54.3385,9.9297,10.3932,10.126,0.9967
50.25,0.5883,54.3395,9.9313,10.3944,10.1274,0.9969
50.5,0.5917,54.3406,9.9344,10.3978,10.1306,0.9972
50.75,0.595,54.3417,9.9361,10.3992,10.1322,0.9974
51,0.5984,54.3428,9.9371,10.4002,10.1332,0.9974
51.25,0.6018,54.3439,9.9396,10.4025,10.1356,0.9977
51.5,0.6051,54.345,9.9394,10.4022,10.1354,0.9977
51.75,0.6085,54.346,9.9404,10.4033,10.1364,0.9978
52,0.6119,54.3471,9.9417,10.4043,10.1376,0.9979
52.25,0.6152,54.3482,9.9435,10.4061,10.1394,0.9981
52.5,0.6186,54.3493,9.9466,10.409,10.1424,0.9984
52.75,0.622,54.3504,9.9477,10.4102,10.1436,0.9985
53,0.6253,54.3514,9.9505,10.4127,10.1462,0.9987
53.25,0.6287,54.3525,9.9492,10.4112,10.1448,0.9986
53.5,0.6321,54.3536,9.9505,10.4125,10.1461,0.9987
53.75,0.6355,54.3547,9.9519,10.4137,10.1475,0.9989
54,0.6388,54.3558,9.9539,10.4157,10.1495,0.9991
54.25,0.6422,54.3569,9.9558,10.4174,10.1512,0.9992
54.5,0.6456,54.3579,9.9575,10.4192,10.153,0.9994
54.75,0.6489,54.359,9.9593,10.4207,10.1547,0.9996
55,0.6523,54.3601,9.9603,10.4218,10.1557,0.9997
55.25,0.6557,54.3612,9.9619,10.4234,10.1573,0.9998
55.5,0.6591,54.3623,9.9664,10.428,10.1619,1.0003
55.75,0.6624,54.3633,9.9681,10.4298,10.1636,1.0004
56,0.6658,54.3644,9.9701,10.4317,10.1656,1.0006
56.25,0.6692,54.3655,9.972,10.4337,10.1676,1.0008
56.5,0.6725,54.3666,9.9723,10.4337,10.1677,1.0008
56.75,0.6759,54.3677,9.9739,10.4354,10.1694,1.001
57,0.6793,54.3687,9.9744,10.4359,10.1699,1.0011
57.25,0.6827,54.3698,9.9747,10.4359,10.17,1.0011
57.5,0.686,54.3709,9.9765,10.4378,10.1719,1.0013
57.75,0.6894,54.372,9.9796,10.4408,10.1749,1.0016
58,0.6928,54.3731,9.9812,10.4425,10.1765,1.0017
58.25,0.6961,54.3741,9.9839,10.4451,10.1792,1.002
58.5,0.6995,54.3752,9.9859,10.4472,10.1813,1.0022
58.75,0.7029,54.3763,9.9887,10.4499,10.184,1.0025
59,0.7063,54.3774,9.9907,10.452,10.1861,1.0027
59.25,0.7096,54.3785,9.9905,10.4517,10.1858,1.0026
59.5,0.713,54.3795,9.9909,10.4519,10.1861,1.0027
59.75,0.7164,54.3806,9.9923,10.4534,10.1876,1.0028
60,0.7198,54.3817,9.9942,10.4551,10.1894,1.003
60.25,0.7231,54.3828,9.9951,10.4561,10.1903,1.0031
60.5,0.7265,54.3839,9.9983,10.4592,10.1935,1.0034
60.75,0.7299,54.3849,9.9982,10.4591,10.1934,1.0034
61,0.7333,54.386,9.9981,10.459,10.1933,1.0034
61.25,0.7366,54.3871,10.0014,10.4623,10.1966,1.0037
61.5,0.74,54.3882,10.0022,10.4632,10.1974,1.0038
61.75,0.7434,54.3892,10.0031,10.4638,10.1982,1.0039
62,0.7468,54.3903,10.0036,10.4643,10.1987,1.0039
62.25,0.7501,54.3914,10.0052,10.4658,10.2003,1.0041
62.5,0.7535,54.3925,10.006,10.4666,10.2011,1.0041
62.75,0.7569,54.3936,10.0063,10.467,10.2014,1.0042
63,0.7603,54.3946,10.0078,10.4683,10.2028,1.0043
63.25,0.7636,54.3957,10.0067,10.4671,10.2017,1.0042
63.5,0.767,54.3968,10.01,10.4705,10.205,1.0045
63.75,0.7704,54.3979,10.0107,10.4713,10.2057,1.0046
64,0.7738,54.399,10.0116,10.472,10.2066,1.0047
64.25,0.7772,54.4,10.0122,10.4727,10.2073,1.0047
64.5,0.7805,54.4011,10.0129,10.4734,10.2079,1.0048
64.75,0.7839,54.4022,10.0151,10.4755,10.2101,1.005
65,0.7873,54.4033,10.0144,10.4748,10.2094,1.005
65.25,0.7907,54.4043,10.0137,10.4737,10.2085,1.0049
65.5,0.794,54.4054,10.0161,10.4763,10.211,1.0051
65.75,0.7974,54.4065,10.0168,10.4769,10.2117,1.0052
66,0.8008,54.4076,10.0157,10.4757,10.2105,1.0051
66.25,0.8042,54.4086,10.017,10.477,10.2118,1.0052
66.5,0.8076,54.4097,10.017,10.4769,10.2118,1.0052
66.75,0.8109,54.4108,10.0176,10.4776,10.2124,1.0052
67,0.8143,54.4119,10.0182,10.4779,10.2129,1.0053
67.25,0.8177,54.413,10.0179,10.4777,10.2127,1.0053
67.5,0.8211,54.414,10.0193,10.479,10.214,1.0054
67.75,0.8245,54.4151,10.0209,10.4807,10.2156,1.0056
68,0.8278,54.4162,10.0219,10.4818,10.2167,1.0057
68.25,0.8312,54.4173,10.0214,10.4809,10.216,1.0056
68.5,0.8346,54.4183,10.0224,10.4822,10.2172,1.0057
68.75,0.838,54.4194,10.0236,10.4832,10.2183,1.0058
69,0.8414,54.4205,10.0248,10.4847,10.2196,1.006
69.25,0.8447,54.4216,10.0245,10.4842,10.2192,1.0059
69.5,0.8481,54.4226,10.0256,10.4854,10.2203,1.006
69.75,0.8515,54.4237,10.0256,10.4856,10.2205,1.006
70,0.8549,54.4248,10.0267,10.4866,10.2215,1.0061
70.25,0.8583,54.4259,10.0271,10.4872,10.222,1.0062
70.5,0.8616,54.4269,10.0296,10.4897,10.2244,1.0064
70.75,0.865,54.428,10.029,10.4892,10.2239,1.0064
71,0.8684,54.4291,10.0302,10.4903,10.2251,1.0065
71.25,0.8718,54.4302,10.0271,10.4871,10.2219,1.0062
71.5,0.8752,54.4312,10.0275,10.4877,10.2224,1.0062
71.75,0.8786,54.4323,10.0286,10.4887,10.2235,1.0063
72,0.8819,54.4334,10.0289,10.489,10.2238,1.0064
72.25,0.8853,54.4345,10.0329,10.4931,10.2278,1.0068
72.5,0.8887,54.4355,10.0333,10.4936,10.2283,1.0068
72.75,0.8921,54.4366,10.033,10.4933,10.228,1.0068
73,0.8955,54.4377,10.0326,10.4929,10.2275,1.0067
73.25,0.8989,54.4388,10.033,10.4933,10.228,1.0068
73.5,0.9022,54.4398,10.033,10.4932,10.2279,1.0068
73.75,0.9056,54.4409,10.0333,10.4937,10.2283,1.0068
74,0.909,54.442,10.0352,10.4955,10.2301,1.007
74.25,0.9124,54.4431,10.0349,10.4953,10.2299,1.007
74.5,0.9158,54.4441,10.0334,10.4935,10.2283,1.0068
74.75,0.9192,54.4452,10.0381,10.4986,10.2331,1.0073
75,0.9225,54.4463,10.0382,10.4986,10.2332,1.0073
75.25,0.9259,54.4473,10.0379,10.4984,10.2329,1.0073
75.5,0.9293,54.4484,10.0382,10.4988,10.2333,1.0073
75.75,0.9327,54.4495,10.0396,10.5001,10.2346,1.0074
76,0.9361,54.4506,10.0379,10.4984,10.233,1.0073
76.25,0.9395,54.4516,10.0369,10.4972,10.2319,1.0072
76.5,0.9429,54.4527,10.0368,10.4971,10.2317,1.0071
76.75,0.9462,54.4538,10.0371,10.4972,10.232,1.0072
77,0.9496,54.4549,10.0379,10.4982,10.2328,1.0073
77.25,0.953,54.4559,10.0382,10.4986,10.2332,1.0073
77.5,0.9564,54.457,10.039,10.4993,10.2339,1.0074
77.75,0.9598,54.4581,10.0374,10.4976,10.2323,1.0072
78,0.9632,54.4591,10.0366,10.4966,10.2314,1.0071
78.25,0.9666,54.4602,10.0372,10.4973,10.2321,1.0072
78.5,0.97,54.4613,10.036,10.4959,10.2308,1.0071
78.75,0.9733,54.4624,10.0363,10.4963,10.2311,1.0071
79,0.9767,54.4634,10.0349,10.495,10.2298,1.007
79.25,0.9801,54.4645,10.0335,10.4932,10.2282,1.0068
79.5,0.9835,54.4656,10.0338,10.4936,10.2286,1.0068
79.75,0.9869,54.4667,10.0344,10.4941,10.2291,1.0069
80,0.9903,54.4677,10.0346,10.4944,10.2294,1.0069
80.25,0.9937,54.4688,10.0334,10.493,10.228,1.0068
80.5,0.9971,54.4699,10.0339,10.4937,10.2286,1.0068
80.75,1.0004,54.4709,10.0351,10.495,10.2299,1.007
81,1.0038,54.472,10.0319,10.4912,10.2265,1.0066
81.25,1.0072,54.4731,10.0322,10.4914,10.2267,1.0067
81.5,1.0106,54.4742,10.0331,10.4921,10.2275,1.0067
81.75,1.014,54.4752,10.0326,10.4915,10.227,1.0067
82,1.0174,54.4763,10.0336,10.4922,10.2278,1.0068
82.25,1.0208,54.4774,10.0338,10.4924,10.228,1.0068
82.5,1.0242,54.4784,10.0334,10.4919,10.2276,1.0067
82.75,1.0276,54.4795,10.0341,10.4924,10.2282,1.0068
83,1.031,54.4806,10.0331,10.4913,10.2271,1.0067
83.25,1.0343,54.4816,10.0359,10.494,10.2299,1.007
83.5,1.0377,54.4827,10.0339,10.4917,10.2278,1.0068
83.75,1.0411,54.4838,10.0336,10.4913,10.2274,1.0067
84,1.0445,54.4849,10.0348,10.4925,10.2287,1.0068
84.25,1.0479,54.4859,10.0339,10.4914,10.2277,1.0068
84.5,1.0513,54.487,10.0353,10.4927,10.229,1.0069
84.75,1.0547,54.4881,10.0352,10.4926,10.2289,1.0069
85,1.0581,54.4891,10.0347,10.4918,10.2283,1.0068
85.25,1.0615,54.4902,10.0379,10.4951,10.2315,1.0071
85.5,1.0649,54.4913,10.0371,10.494,10.2307,1.007
85.75,1.0683,54.4923,10.0369,10.4938,10.2305,1.007
86,1.0717,54.4934,10.0351,10.4918,10.2285,1.0068
86.25,1.0751,54.4945,10.0361,10.4926,10.2295,1.0069
86.5,1.0784,54.4956,10.0359,10.4924,10.2293,1.0069
86.75,1.0818,54.4966,10.0368,10.4931,10.2301,1.007
87,1.0852,54.4977,10.0371,10.4934,10.2304,1.007
87.25,1.0886,54.4988,10.0382,10.4943,10.2314,1.0071
87.5,1.092,54.4998,10.0389,10.495,10.2321,1.0072
87.75,1.0954,54.5009,10.0392,10.4953,10.2324,1.0072
88,1.0988,54.502,10.0384,10.4941,10.2315,1.0071
88.25,1.1022,54.503,10.0387,10.4944,10.2317,1.0071
88.5,1.1056,54.5041,10.0389,10.4943,10.2318,1.0072
88.75,1.109,54.5052,10.0388,10.4941,10.2317,1.0071
89,1.1124,54.5062,10.0381,10.4934,10.2309,1.0071
89.25,1.1158,54.5073,10.0381,10.4931,10.2308,1.0071
89.5,1.1192,54.5084,10.0385,10.4935,10.2313,1.0071
89.75,1.1226,54.5094,10.0393,10.4941,10.232,1.0072
90,1.126,54.5105,10.0395,10.4943,10.2322,1.0072
90.25,1.1294,54.5116,10.0403,10.4947,10.2328,1.0073
90.5,1.1328,54.5126,10.0405,10.4949,10.233,1.0073
90.75,1.1362,54.5137,10.0408,10.4951,10.2332,1.0073
91,1.1396,54.5148,10.0431,10.4972,10.2354,1.0075
91.25,1.1429,54.5158,10.0427,10.4967,10.235,1.0075
91.5,1.1463,54.5169,10.0424,10.496,10.2346,1.0074
91.75,1.1497,54.518,10.0416,10.4952,10.2338,1.0073
92,1.1531,54.519,10.0423,10.4956,10.2343,1.0074
92.25,1.1565,54.5201,10.0414,10.4945,10.2333,1.0073
92.5,1.1599,54.5212,10.0415,10.4946,10.2334,1.0073
92.75,1.1633,54.5222,10.0428,10.4957,10.2347,1.0074
93,1.1667,54.5233,10.0421,10.495,10.234,1.0074
93.25,1.1701,54.5244,10.0437,10.4963,10.2354,1.0075
93.5,1.1735,54.5254,10.0421,10.4946,10.2338,1.0074
93.75,1.1769,54.5265,10.0434,10.4956,10.235,1.0075
94,1.1803,54.5276,10.0442,10.4965,10.2358,1.0076
94.25,1.1837,54.5286,10.0443,10.4965,10.2359,1.0076
94.5,1.1871,54.5297,10.0451,10.4971,10.2366,1.0076
94.75,1.1905,54.5308,10.0452,10.4971,10.2367,1.0076
95,1.1939,54.5318,10.046,10.4976,10.2374,1.0077
95.25,1.1973,54.5329,10.0455,10.4971,10.2368,1.0077
95.5,1.2007,54.534,10.0469,10.4983,10.2381,1.0078
95.75,1.2041,54.535,10.0455,10.4966,10.2366,1.0076
96,1.2075,54.5361,10.0468,10.4979,10.2379,1.0078
96.25,1.2109,54.5372,10.0476,10.4984,10.2386,1.0078
96.5,1.2143,54.5382,10.0475,10.4984,10.2386,1.0078
96.75,1.2177,54.5393,10.0457,10.4964,10.2366,1.0076
97,1.2211,54.5404,10.0455,10.4963,10.2365,1.0076
97.25,1.2245,54.5414,10.0491,10.5,10.2401,1.008
97.5,1.2279,54.5425,10.049,10.5,10.2401,1.008
97.75,1.2313,54.5436,10.0496,10.5008,10.2407,1.008
98,1.2347,54.5446,10.0478,10.4988,10.2389,1.0079
98.25,1.2381,54.5457,10.0462,10.4972,10.2373,1.0077
98.5,1.2415,54.5468,10.0455,10.4962,10.2365,1.0076
98.75,1.2449,54.5478,10.0454,10.4962,10.2364,1.0076
99,1.2483,54.5489,10.047,10.4978,10.238,1.0078
99.25,1.2517,54.55,10.0479,10.4987,10.2389,1.0079
99.5,1.2551,54.551,10.0482,10.4989,10.2391,1.0079
99.75,1.2585,54.5521,10.0486,10.4992,10.2395,1.0079
100,1.2619,54.5531,10.0473,10.4978,10.2382,1.0078
100.25,1.2653,54.5542,10.0478,10.4981,10.2386,1.0078
100.5,1.2687,54.5553,10.0488,10.4991,10.2396,1.0079
100.75,1.2721,54.5563,10.0471,10.497,10.2377,1.0077
101,1.2755,54.5574,10.0458,10.4955,10.2363,1.0076
101.25,1.279,54.5585,10.0481,10.4979,10.2386,1.0078
101.5,1.2824,54.5595,10.0485,10.4981,10.239,1.0079
101.75,1.2858,54.5606,10.0487,10.4983,10.2392,1.0079
102,1.2892,54.5617,10.0467,10.4959,10.237,1.0077
102.25,1.2926,54.5627,10.0469,10.496,10.2372,1.0077
102.5,1.296,54.5638,10.0476,10.4966,10.2378,1.0077
102.75,1.2994,54.5648,10.0474,10.4963,10.2376,1.0077
103,1.3028,54.5659,10.0474,10.4963,10.2376,1.0077
103.25,1.3062,54.567,10.0463,10.4949,10.2363,1.0076
103.5,1.3096,54.568,10.0465,10.4951,10.2366,1.0076
103.75,1.313,54.5691,10.0473,10.4956,10.2372,1.0077
104,1.3164,54.5702,10.0442,10.4923,10.234,1.0074
104.25,1.3198,54.5712,10.0444,10.4924,10.2342,1.0074
104.5,1.3232,54.5723,10.0428,10.4906,10.2325,1.0072
104.75,1.3266,54.5733,10.0429,10.4905,10.2326,1.0072
105,1.33,54.5744,10.0427,10.4902,10.2323,1.0072
105.25,1.3334,54.5755,10.0407,10.488,10.2302,1.007
105.5,1.3368,54.5765,10.0404,10.4874,10.2298,1.007
105.75,1.3402,54.5776,10.0384,10.4853,10.2277,1.0068
106,1.3437,54.5786,10.0385,10.4853,10.2278,1.0068
106.25,1.3471,54.5797,10.0389,10.4855,10.2281,1.0068
106.5,1.3505,54.5808,10.039,10.4856,10.2282,1.0068
106.75,1.3539,54.5818,10.0391,10.4854,10.2282,1.0068
107,1.3573,54.5829,10.04,10.4864,10.2291,1.0069
107.25,1.3607,54.584,10.0386,10.4847,10.2276,1.0067
107.5,1.3641,54.585,10.0382,10.484,10.2271,1.0067
107.75,1.3675,54.5861,10.0366,10.4824,10.2255,1.0065
108,1.3709,54.5871,10.0375,10.4831,10.2263,1.0066
108.25,1.3743,54.5882,10.0368,10.4824,10.2256,1.0065
108.5,1.3777,54.5893,10.0374,10.4828,10.2261,1.0066
108.75,1.3811,54.5903,10.0356,10.4807,10.2242,1.0064
109,1.3845,54.5914,10.0343,10.4791,10.2228,1.0063
109.25,1.388,54.5924,10.0354,10.4803,10.2239,1.0064
109.5,1.3914,54.5935,10.037,10.482,10.2256,1.0065
109.75,1.3948,54.5946,10.0362,10.4809,10.2247,1.0065
110,1.3982,54.5956,10.0362,10.4808,10.2246,1.0064
110.25,1.4016,54.5967,10.0351,10.4794,10.2234,1.0063
110.5,1.405,54.5977,10.0342,10.4785,10.2225,1.0062
110.75,1.4084,54.5988,10.0338,10.4779,10.222,1.0062
111,1.4118,54.5999,10.0333,10.4774,10.2215,1.0061
111.25,1.4152,54.6009,10.0331,10.4772,10.2213,1.0061
111.5,1.4186,54.602,10.0317,10.4755,10.2198,1.006
111.75,1.4221,54.603,10.0319,10.4757,10.2199,1.006
112,1.4255,54.6041,10.0317,10.4752,10.2196,1.006
112.25,1.4289,54.6052,10.0313,10.4749,10.2193,1.0059
112.5,1.4323,54.6062,10.032,10.4756,10.22,1.006
112.75,1.4357,54.6073,10.0321,10.4755,10.22,1.006
113,1.4391,54.6083,10.031,10.4743,10.2188,1.0059
113.25,1.4425,54.6094,10.0297,10.4728,10.2175,1.0057
113.5,1.4459,54.6105,10.0288,10.4718,10.2166,1.0057
113.75,1.4494,54.6115,10.0286,10.4714,10.2162,1.0056
114,1.4528,54.6126,10.0284,10.4712,10.216,1.0056
114.25,1.4562,54.6136,10.0282,10.471,10.2158,1.0056
114.5,1.4596,54.6147,10.029,10.4716,10.2165,1.0056
114.75,1.463,54.6157,10.0288,10.4714,10.2163,1.0056
115,1.4664,54.6168,10.0277,10.4701,10.2152,1.0055
115.25,1.4698,54.6179,10.0275,10.4699,10.215,1.0055
115.5,1.4732,54.6189,10.0277,10.47,10.2151,1.0055
115.75,1.4767,54.62,10.0259,10.468,10.2133,1.0053
116,1.4801,54.621,10.0256,10.4677,10.2129,1.0053
116.25,1.4835,54.6221,10.0253,10.4672,10.2125,1.0053
116.5,1.4869,54.6232,10.0253,10.4672,10.2125,1.0053
116.75,1.4903,54.6242,10.0239,10.4656,10.2111,1.0051
117,1.4937,54.6253,10.0229,10.4645,10.21,1.005
117.25,1.4971,54.6263,10.023,10.4644,10.21,1.005
117.5,1.5006,54.6274,10.021,10.4623,10.208,1.0048
117.75,1.504,54.6284,10.021,10.4621,10.2079,1.0048
118,1.5074,54.6295,10.0214,10.4623,10.2083,1.0048
118.25,1.5108,54.6306,10.0214,10.4622,10.2082,1.0048
118.5,1.5142,54.6316,10.0189,10.4593,10.2055,1.0046
118.75,1.5176,54.6327,10.0189,10.4591,10.2055,1.0046
119,1.5211,54.6337,10.0185,10.4586,10.205,1.0045
119.25,1.5245,54.6348,10.0188,10.4587,10.2052,1.0045
119.5,1.5279,54.6358,10.0185,10.4582,10.2048,1.0045
119.75,1.5313,54.6369,10.019,10.4584,10.2052,1.0045
120,1.5347,54.6379,10.019,10.4584,10.2052,1.0045
120.25,1.5381,54.639,10.0144,10.4531,10.2003,1.0041
120.5,1.5416,54.6401,10.0144,10.453,10.2003,1.0041
120.75,1.545,54.6411,10.0145,10.4529,10.2003,1.0041
121,1.5484,54.6422,10.0136,10.4517,10.1993,1.004
121.25,1.5518,54.6432,10.014,10.452,10.1996,1.004
121.5,1.5552,54.6443,10.0135,10.4513,10.199,1.0039
121.75,1.5586,54.6453,10.0131,10.4507,10.1986,1.0039
122,1.5621,54.6464,10.0128,10.4501,10.1981,1.0038
122.25,1.5655,54.6475,10.0121,10.4493,10.1974,1.0038
122.5,1.5689,54.6485,10.0111,10.448,10.1963,1.0037
122.75,1.5723,54.6496,10.0123,10.4489,10.1973,1.0038
123,1.5757,54.6506,10.0116,10.4481,10.1966,1.0037
123.25,1.5792,54.6517,10.0104,10.4466,10.1953,1.0036
123.5,1.5826,54.6527,10.0108,10.4469,10.1957,1.0036
123.75,1.586,54.6538,10.0107,10.4466,10.1954,1.0036
124,1.5894,54.6548,10.0103,10.4459,10.1949,1.0035
124.25,1.5928,54.6559,10.0123,10.4479,10.1969,1.0037
124.5,1.5963,54.6569,10.0088,10.444,10.1932,1.0034
124.75,1.5997,54.658,10.0071,10.4421,10.1915,1.0032
125,1.6031,54.6591,10.0075,10.4423,10.1918,1.0032
125.25,1.6065,54.6601,10.0095,10.4443,10.1938,1.0034
125.5,1.6099,54.6612,10.0095,10.4442,10.1938,1.0034
125.75,1.6134,54.6622,10.0082,10.4427,10.1923,1.0033
126,1.6168,54.6633,10.0066,10.4408,10.1906,1.0031
126.25,1.6202,54.6643,10.0068,10.4409,10.1908,1.0031
126.5,1.6236,54.6654,10.0056,10.4397,10.1896,1.003
126.75,1.627,54.6664,10.0036,10.4373,10.1874,1.0028
127,1.6305,54.6675,10.0034,10.4371,10.1872,1.0028
127.25,1.6339,54.6685,10.0041,10.4376,10.1879,1.0028
127.5,1.6373,54.6696,10.0043,10.4377,10.188,1.0028
127.75,1.6407,54.6706,10.0032,10.4365,10.1868,1.0027
128,1.6442,54.6717,9.9983,10.4311,10.1818,1.0022
128.25,1.6476,54.6728,9.9982,10.4309,10.1816,1.0022
128.5,1.651,54.6738,9.998,10.4305,10.1813,1.0022
128.75,1.6544,54.6749,9.9975,10.43,10.1808,1.0021
129,1.6578,54.6759,9.9975,10.4299,10.1808,1.0021
129.25,1.6613,54.677,9.9979,10.4302,10.1811,1.0022
129.5,1.6647,54.678,9.997,10.429,10.1801,1.0021
129.75,1.6681,54.6791,9.9969,10.4288,10.18,1.0021
130,1.6715,54.6801,9.9967,10.4284,10.1797,1.002
130.25,1.675,54.6812,9.997,10.4287,10.18,1.0021
130.5,1.6784,54.6822,9.9981,10.4297,10.181,1.0022
130.75,1.6818,54.6833,9.9964,10.4277,10.1792,1.002
131,1.6852,54.6843,9.9968,10.4279,10.1795,1.002
131.25,1.6887,54.6854,9.9962,10.4273,10.1789,1.0019
131.5,1.6921,54.6864,9.9962,10.4271,10.1788,1.0019
131.75,1.6955,54.6875,9.9988,10.4298,10.1814,1.0022
132,1.6989,54.6885,9.997,10.4277,10.1795,1.002
132.25,1.7024,54.6896,9.9974,10.428,10.1799,1.002
132.5,1.7058,54.6906,9.9974,10.428,10.1799,1.002
132.75,1.7092,54.6917,9.9963,10.4266,10.1787,1.0019
133,1.7126,54.6927,9.9964,10.4266,10.1787,1.0019
133.25,1.7161,54.6938,9.9968,10.4269,10.1791,1.002
133.5,1.7195,54.6948,9.9959,10.4258,10.1781,1.0019
133.75,1.7229,54.6959,9.9959,10.4257,10.1781,1.0019
134,1.7263,54.6969,9.9933,10.4228,10.1753,1.0016
134.25,1.7298,54.698,9.9934,10.4228,10.1754,1.0016
134.5,1.7332,54.699,9.9937,10.4229,10.1756,1.0016
134.75,1.7366,54.7001,9.9934,10.4226,10.1753,1.0016
135,1.7401,54.7011,9.9935,10.4226,10.1754,1.0016
135.25,1.7435,54.7022,9.9925,10.4214,10.1743,1.0015
135.5,1.7469,54.7032,9.9936,10.4223,10.1753,1.0016
135.75,1.7503,54.7043,9.9916,10.4201,10.1732,1.0014
136,1.7538,54.7053,9.9912,10.4195,10.1728,1.0013
136.25,1.7572,54.7064,9.99,10.418,10.1714,1.0012
136.5,1.7606,54.7074,9.9898,10.4178,10.1712,1.0012
136.75,1.7641,54.7085,9.9896,10.4173,10.1709,1.0012
137,1.7675,54.7095,9.9897,10.4173,10.1709,1.0012
137.25,1.7709,54.7106,9.9882,10.4155,10.1693,1.001
137.5,1.7743,54.7116,9.9888,10.4159,10.1699,1.0011
137.75,1.7778,54.7127,9.9887,10.4157,10.1697,1.001
138,1.7812,54.7137,9.9885,10.4155,10.1695,1.001
138.25,1.7846,54.7148,9.9875,10.414,10.1683,1.0009
138.5,1.7881,54.7158,9.9869,10.4135,10.1677,1.0009
138.75,1.7915,54.7169,9.9852,10.4116,10.1659,1.0007
139,1.7949,54.7179,9.9851,10.4115,10.1658,1.0007
139.25,1.7983,54.719,9.9865,10.4129,10.1673,1.0008
139.5,1.8018,54.72,9.9858,10.4122,10.1665,1.0007
139.75,1.8052,54.7211,9.9856,10.412,10.1664,1.0007
140,1.8086,54.7221,9.9851,10.4114,10.1658,1.0007
140.25,1.8121,54.7232,9.9864,10.4127,10.1671,1.0008
140.5,1.8155,54.7242,9.9829,10.4089,10.1635,1.0004
140.75,1.8189,54.7253,9.9825,10.4086,10.1631,1.0004
141,1.8224,54.7263,9.9829,10.4089,10.1635,1.0004
141.25,1.8258,54.7274,9.9827,10.4087,10.1633,1.0004
141.5,1.8292,54.7284,9.9848,10.4109,10.1654,1.0006
141.75,1.8327,54.7295,9.9841,10.4101,10.1647,1.0006
142,1.8361,54.7305,9.9845,10.4106,10.1652,1.0006
142.25,1.8395,54.7316,9.9833,10.4092,10.1639,1.0005
142.5,1.843,54.7326,9.9809,10.4066,10.1613,1.0002
142.75,1.8464,54.7337,9.9814,10.407,10.1618,1.0003
143,1.8498,54.7347,9.9817,10.4073,10.1621,1.0003
143.25,1.8533,54.7358,9.9816,10.4072,10.162,1.0003
143.5,1.8567,54.7368,9.9801,10.4054,10.1604,1.0001
143.75,1.8601,54.7379,9.9799,10.4053,10.1603,1.0001
144,1.8636,54.7389,9.9807,10.4061,10.161,1.0002
144.25,1.867,54.7399,9.9819,10.4073,10.1622,1.0003
144.5,1.8704,54.741,9.9804,10.4057,10.1607,1.0002
144.75,1.8739,54.742,9.9789,10.404,10.1591,1
145,1.8773,54.7431,9.9806,10.4057,10.1608,1.0002
145.25,1.8807,54.7441,9.9795,10.4045,10.1596,1.0001
145.5,1.8842,54.7452,9.9814,10.4064,10.1615,1.0002
145.75,1.8876,54.7462,9.9813,10.4063,10.1614,1.0002
146,1.891,54.7473,9.9803,10.4052,10.1604,1.0001
146.25,1.8945,54.7483,9.9801,10.4049,10.1602,1.0001
146.5,1.8979,54.7494,9.9794,10.4042,10.1595,1
146.75,1.9013,54.7504,9.9788,10.4036,10.1589,1
147,1.9048,54.7515,9.9786,10.4033,10.1587,1
147.25,1.9082,54.7525,9.9795,10.4042,10.1596,1
147.5,1.9117,54.7535,9.9795,10.4041,10.1595,1
147.75,1.9151,54.7546,9.9801,10.4047,10.1601,1.0001
148,1.9185,54.7556,9.9782,10.4027,10.1582,0.9999
148.25,1.922,54.7567,9.9799,10.4044,10.1598,1.0001
148.5,1.9254,54.7577,9.9798,10.4044,10.1598,1.0001
148.75,1.9288,54.7588,9.9804,10.4049,10.1603,1.0001
149,1.9323,54.7598,9.9803,10.4048,10.1603,1.0001
149.25,1.9357,54.7609,9.9803,10.4047,10.1602,1.0001
149.5,1.9392,54.7619,9.9818,10.4063,10.1618,1.0003
149.75,1.9426,54.763,9.9813,10.4057,10.1612,1.0002
150,1.946,54.764,9.9818,10.4061,10.1617,1.0003
150.25,1.9495,54.765,9.9826,10.4069,10.1625,1.0003
150.5,1.9529,54.7661,9.9824,10.4067,10.1623,1.0003
150.75,1.9563,54.7671,9.9823,10.4065,10.1621,1.0003
151,1.9598,54.7682,9.9821,10.4063,10.162,1.0003
151.25,1.9632,54.7692,9.9817,10.4058,10.1615,1.0002
151.5,1.9667,54.7703,9.9795,10.4034,10.1592,1
151.75,1.9701,54.7713,9.9804,10.4043,10.1601,1.0001
152,1.9735,54.7724,9.9798,10.4037,10.1595,1
152.25,1.977,54.7734,9.9796,10.4034,10.1593,1
152.5,1.9804,54.7744,9.9801,10.4038,10.1597,1.0001
152.75,1.9839,54.7755,9.9799,10.4035,10.1595,1
153,1.9873,54.7765,9.98,10.4035,10.1595,1
153.25,1.9907,54.7776,9.9785,10.4018,10.1579,0.9999
153.5,1.9942,54.7786,9.9775,10.4007,10.1569,0.9998
153.75,1.9976,54.7797,9.9776,10.4007,10.1569,0.9998
154,2.0011,54.7807,9.9774,10.4005,10.1568,0.9998
154.25,2.0045,54.7817,9.9781,10.401,10.1574,0.9998
154.5,2.0079,54.7828,9.9787,10.4016,10.158,0.9999
154.75,2.0114,54.7838,9.9782,10.4009,10.1574,0.9998
155,2.0148,54.7849,9.9788,10.4015,10.158,0.9999
155.25,2.0183,54.7859,9.9788,10.4014,10.158,0.9999
155.5,2.0217,54.787,9.9809,10.4035,10.1601,1.0001
155.75,2.0252,54.788,9.9802,10.4027,10.1593,1
156,2.0286,54.789,9.9803,10.4028,10.1594,1
156.25,2.032,54.7901,9.98,10.4022,10.159,1
156.5,2.0355,54.7911,9.9799,10.4021,10.1589,1
156.75,2.0389,54.7922,9.9806,10.4027,10.1595,1
157,2.0424,54.7932,9.9805,10.4025,10.1594,1
157.25,2.0458,54.7942,9.9806,10.4026,10.1595,1
157.5,2.0493,54.7953,9.9803,10.4022,10.1591,1
157.75,2.0527,54.7963,9.9803,10.4021,10.1592,1
158,2.0561,54.7974,9.9808,10.4026,10.1596,1.0001
158.25,2.0596,54.7984,9.9796,10.4013,10.1584,0.9999
158.5,2.063,54.7995,9.9792,10.4007,10.1579,0.9999
158.75,2.0665,54.8005,9.9785,10.4,10.1572,0.9998
159,2.0699,54.8015,9.9789,10.4003,10.1576,0.9998
159.25,2.0734,54.8026,9.9788,10.4001,10.1574,0.9998
159.5,2.0768,54.8036,9.9784,10.3996,10.157,0.9998
159.75,2.0802,54.8047,9.9806,10.4018,10.1592,1
160,2.0837,54.8057,9.9805,10.4016,10.1591,1
