material,GWP100 (kg CO2-Eq/kg),SOP (kg Cu-Eq/kg),water (m3/kg),"TETP (kg 1,4-DCB-Eq/kg)"
steel_low_alloy,2.5666,0.3488,0.0236,14.2226
steel_high_alloy,7.9848,0.6452,0.0503,205.9388
cast_iron,4.1878,0.4122,0.0231,21.1420
copper,8.2903,1.8376,0.1508,3379.6761
aluminium,15.0434,0.2288,0.0886,16.9804
glass_fibre,2.6044,0.0546,0.0162,28.8849
resin,5.0032,0.1423,0.0639,19.3467
electronics,32.9642,1.5768,0.2850,552.6970
concrete,0.1343,0.0020,0.0003,0.5022
lead,1.8873,0.2061,0.0253,52.8537
steel_armour,2.6185,0.3465,0.0293,14.4575
xlpe,3.0032,0.0192,0.0370,5.9172
polymer_other,2.3843,0.0183,0.0175,5.0400
